url,company,orgnr,email
https://hemmasupport.se,HemmaSupport Sverige AB,559528-4844,kontakt@hemmasupport.se
https://emanuelsrestaurang.se,Emanuels Restaurang,559517-6750,
https://rlavlopp.se,R.L Avlopp AB,559517-3922,rlavloppab@gmail.com; rlavlopp@gmail.com
https://villabesiktningar.se,VILLABESIKTNINGAR,559492-3731,info@villabesiktningar.se
https://aiuc.se,Alla rättigheter förbehållna. AIUC är en del av Ampliro AB,559488-1517,info@aiuc.se
https://taxi-helsingborg.se,Taxi Helsingborg,559488-1228,
https://elenhetenkalmar.se,Din professionella elektriker i Kalmar & Öland,559484-9258,andreas@elenheten.se
https://sockteam.se,Sock Team AB,559483-7360,hej@sockteam.se
https://nasetfastighetskonsult.se,Näset Fastighetskonsult AB,559477-5743,konsult.tomas@outlook.com
https://pestpro.se,Pest Pro AB,559469-9810,info@pestpro.se
https://ekoakuten.se,Herostar Investment AB,559464-3651,info@ekoakuten.se
https://larssonenergi.se,Larsson Energi AB,559460-9868,fredrik@larssonenergi.se
https://hobbykort.se,Hobbykort,559459-5661,info@hobbykort.se
https://tradochgard.com,Träd och gård,559454-4636,lollo@tradochgard.com
https://byggnadsvardocheko.se,Byggnadsvård & eko,559452-8951,
https://silodykarna.se,Silodykarna Falkenberg AB,559452-3911,info@silodykarna.se; daniel@silodykarna.se
https://swsror.se,SWS Rör & VVS,559441-5779,info@swsror.se
https://kostmotion.se,Kostmotion,559436-4399,info@kostmotion.se
https://daleteknik.se,DaleTeknik - One stop shop för mobil blästringsteknik,559432-5770,info@daleteknik.se
https://tilesrus.se,Tiles Europe AB,559425-4582,info@tilesrus.se
https://inkpro.se,Bläckpatroner och tonerpatroner,559424-5721,kundservice@inkpro.se
https://bossebyggare.com,Bosse Byggare AB,559424-3254,bo@bossebyggare.com
https://rubik.se,VVS Göteborg,559424-0730,
https://skinhallen.se,Sälj skins via Swish,559403-0941,info@skinhallen.se
https://murareskaraborg.se,KJ:s Mur & Puts AB,559399-9690,kjs.murochputs@gmail.com
https://andersroos.nu,Anders Roos,559390-2827,anders@andersroos.nu
https://ordningskreatoren.se,Ordningskreatören,559387-9710,anna@ordningskreatoren.se
https://ucse.se,United Components A/S,559384-4177,info@ucse.se
https://prosecurity.se,Pro Security Group Sweden AB,559378-8283,info@prosecurity.se
https://prosakerhet.se,CHM Analytics,559378-8283,info@prosecurity.se
https://chm-analytics.com,Emmaboda Konst,559373-4741,contact@chm-analytics.com
https://emmabodakonst.se,Folksol Stockholm AB,559372-4718,info@emmabodakonst.se
https://folksol.se,Din Målerifirma i Göteborg med erfarna målare,559367-9748,
https://gemab.eu,Upp Advokatbyrå,559362-5113,gemabmaleri@gmail.com
https://uppadvokat.se,Magnetlabbet,559359-8203,kontakt@uppadvokat.se; sarali.olovsson@uppadvokat.se; erik.edstrom@uppadvokat.se
https://magnetlabbet.se,Guestro,559358-8345,
https://go.guestro.se,Ergogreaser Nordic AB,559356-3090,
https://ergogreaser.se,Total VVS Trosa,559353-3879,tommy@ergogreaser.se
https://totalvvstrosa.se,PERGOLARUM SVENSKA AB - SEASIDE GARDEN,559347-4900,info@totalvvstrosa.se
https://seasidegarden.se,EMS Revolution,559347-4850,info@seasidegarden.se
https://emsrevolution.se,Adress Heartsave Sweden AB,559346-4331,info@emsrevolution.se
https://heartsave.se,Freij Construction,559345-3318,info@heartsave.se
https://freijconstruction.com,Docent Byggteknik,559331-9832,info@freijconstruction.se
https://docentbyggteknik.se,Northern Recovery,559327-6396,info@docentbyggteknik.se
https://northern-recovery.se,Wellon,559325-2686,wearenorthernrecovery@gmail.com
https://northern-recovery.com,Team Wåhlin Värmeteknik AB,559325-2686,wearenorthernrecovery@gmail.com
https://wellon.se,STG Clean and Neat,559324-5912,info@wellon.se
https://vvs.teamwahlin.se,Inglasarna AB,559321-8661; 556583-3380,service@teamwahlin.se; info@teamwahlin.se
https://stgclean.se,kakeladesign.se,559308-8965,info@stgclean.se
https://inglasarna.se,Fasadrenovering Göteborg,559307-0906,info@inglasarna.se
https://kakeladesign.se,K E M A redovisning,559302-1610,
https://fasadkraft.se,Topolis AB,559300-6405,info@fasadkraft.se
https://kemaredovisning.se,Klippanslås,559294-8987,
https://topolis.se,Kagans Resor AB,559287-5996; 559281-5996,info@topolis.se
https://klippanslas.se,Städlust i Sverige AB,559280-0162,info@klippanslas.se
https://kagansbuss.se,ÖstgötaLås AB,559276-6546,info@kagansbuss.se
https://stadlust.se,Erigo,559267-7032,info@stadlust.se
https://ostgotalas.se,Adrose,559242-7172,info@ostgotalas.se
https://erigo.se,Börskollen Sverige AB,559240-0070,kontakt@erigo.se
https://adrose.se,KonteringsPoolen Sverige AB,559239-7789,
https://borskollen.se,Bygg & Måleri Skandinavien AB,559236-5141,
https://konteramindre.se,Klarhome,559232-7539,support@konteramindre.se
https://byggomaleriab.se,Anderssons Redovisningsbyrå,559223-3521,info@byggomaleriab.se
https://klarfonster.se,Möbeltapetseri,559216-8347,hej@klarfonster.se
https://anderssonsredovisning.se,MovieZine,559213-5791,mikael@anderssonsredovisning.se
https://18kvadrat.se,HemSol,559204-0850,info@18kvadrat.se
https://moviezine.se,Energikonsulterna EDEK AB,559200-1142,hej@moviezine.se
https://solcellsofferter.se,Flyttfirma Kristianstad,559196-6675,kontakt@hemsol.se
https://edek.nu,Love My Office AB,559193-8476,info@edek.se
https://mcdf.se,HR,559186-9929,info@mcdf.se
https://lovemyoffice.se,Arbetsrättsjurist Stockholm,559172-4769,info@lovemyoffice.se
https://personaltvister.se,Mögel-test.se,559167-2034,robert.westberg@personaltvister.se
https://arbetsrattsjurist.se,Pipeweld,559166-7513,info@olssonadvokat.se
https://xn--mgel-test-07a.se,Ditt lokala bärgningsföretag i Dalarna dygnet runt,559159-8908,info@agx-nordic.se; info@standoutmedia.dk
https://se.pipeweld.ee,Kloten,559159-8098,info@pipeweld.ee
https://malmbargarna.se,"Pälsvård, foder & tillbehör",559149-5816,tobias@mbdalarna.se
https://klotenresort.se,Fastighetsmästaren Supply AB,559146-4028,info@klotenresort.se; konferens@klotenresort.se
https://hundtrimstugan.se,Alba Service,559141-0856,info@hundtrimstugan.se; lea@hundtrimstugan.se
https://fastighetsmastarensupply.se,Presenningsfabriken S&V AB,559139-0918,info@fastighetsmastaren.se; info@fastighetsmastaren.com
https://albaservice.se,Tandläkare Stockholm | Solna Dental | Privat tandvård,559135-3478,info@albaservice.se; kundtjanst@albaservice.se
https://presenningsfabriken.com,Läkartidningen,559135-1886,info@presenningsfabriken.com
https://solnadental.se,Svea KBT,559134-4097,
https://lakartidningen.se,Solsystem,559132-3380,kontakt@lakartidningen.se; asa.uhlin@lakartidningen.se; lena.marions@lakartidningen.se
https://sveakbt.se,Cirbit,559128-9474,info@sveakbt.se
https://solsystem.com,The General Prepper,559126-7769,info@solsystem.com
https://cirbit.com,Almena,559109-7299,support@cirbit.com; info@cirbit.com
https://generalprepper.se,PLC Ekonomi Consulting,559108-2572,kundservice@generalprepper.com; youraddress@gmail.com
https://almena.se,Processöverskott,559097-6634,bokning@almena.se
https://plc.nu,Adra Flytt,559095-6735,info@plc.nu
https://processoverskott.se,DN.se,559083-1011,info@processoverskott.se
https://adra-flytt.se,Projektledning.se,559080-4033,info@adra-flytt.se
https://dn.se,TrädgårdSmart i Sverige AB,559080-0917,kundservice@dn.se; www@dn.se; feedback@dn.se
https://projektledning.se,Complett Service,559070-8599,
https://xn--trdgrdsmart-m8ap.se,BSC Bilskadecentralen,559069-6364,info@tradgardsmart.se
https://complettservice.se,Advokataktiebolaget Jansson & Partners AB,559058-1780,info@complettservice.se
https://bilskadecentralen.se,Affärsvärlden,559055-1858; 559247-6435,vellinge@bilskadecentralen.se; staffanstorp@bilskadecentralen.se
https://janssonpartners.se,Datormagazin,559051-1423,advokat@janssonpartners.se
https://affarsvarlden.se,Termofönster Sverige AB,559037-7874,patrik.nilsson@affarsvarlden.se; stefan.andersson@affarsvarlden.se; pren@affarsvarlden.se
https://datormagazin.se,Ljungbyheds bygg AB,559034-9014,datormagazin@datormagazin.se
https://termofonster.se,Jacocomp AB,559034-5541,info@termofonster.se
https://ljungbyhedsbygg.se,Energisam,559029-0192,christina.albrecht2001@hotmail.com
https://iaco.se,Finansiering för företagare på ett enklare sätt,559016-5097,iaco@telia.com
https://energisam.se,Bärgning,559014-4050,info@energisam.se
https://qred.se,Adress Pumpia AB,559008-9800,support@qred.se
https://llbargning.se,Belton Travel AB / Kristianstad Buss AB,559000-1144,info@llbargning.se
https://pumpia.se,Breakit,556997-8462,info@pumpia.se
https://kristianstadbuss.se,Mekonomen Bilverkstad Karlskoga,556995-4620,info@kristianstadbuss.se
https://breakit.se,Föreningspapper,556994-7822,tips@breakit.se; support@breakit.se; julia@breakit.se
https://bilteknikab.se,Gunnel Ryner,556987-1394,info@bilteknikab.se
https://foreningspapper.se,Vägassistans & Bärgning i Jämtland,556984-3633,info@foreningspapper.se
https://gunnelryner.se,Ranglo Axe AB,556984-0472,gunnel@gunnelryner.se
https://nordassistans.se,Klarälven Städ AB,556974-8741,info@nordassistans.se
https://rangloaxe.se,ETAB - Energi & Teknik i Arvika AB,556972-9113; 073553-8598,kontakt@rangloaxe.se
https://klaralvenstad.se,Percys Kött,556966-5317,info@klaralvenstad.se
https://energioteknik.se,,556964-1789,info@energioteknik.se
https://percys.se,Kårek AB,556953-5536,info@percys.se; u003einfo@percys.se
https://nyttbolagnu.se,ZP,556951-4853,info@nyttbolagnu.se
https://bearplayshop.se,EFN Ekonomikanalen AB,556944-6122,info@bearplayshop.se; order@bearplayshop.se
https://ekstolpar.se,Signpost AB,556944-5330,
https://zp.se,Auktoriserad redovisningsbyrå Göteborg,556940-3677,kontakt@zp.se
https://efn.se,Familjeterapeuterna Syd,556930-1608,redaktionen@efn.se
https://signpost.se,SellTech,556924-0517,info@signpost.se
https://gotred.se,Oneflow,556923-7190,info@gotred.se
https://familjeterapeuterna.com,Lind’s Kakelugnsmakeri AB,556914-8686,info@familjeterapeuterna.com
https://selltech.se,Kosttillskott,556911-1825,info@selltech.se
https://oneflow.com,EPM,556903-2989; 500501-1000,support@oneflow.com
https://linds.nu,Billackering i Uppsala,556900-8302,johan@linds.nu
https://tillskottsbolaget.se,Branschaktuellt Sverige AB,556899-2431,
https://epmconsulting.se,Carutcha,556895-0405,info@epmconsulting.se; coaching@epmconsulting.se
https://jrlackcenter.se,Säker Bostad,556877-9424,jrlackcenter@gmail.com
https://branschaktuellt.se,Frisk & Kry AB,556856-4594,
https://carutchastadfirma.se,K-Fastigheter,556848-0999,info@carutcha.se; carutcha@live.se
https://carutcha.se,sofab,556848-0999,info@carutcha.se
https://sakerbostad.se,Stockholms Golv & Plattsättning AB,556846-4688,info@sakerbostad.se; website@sakerbostad.se; service@sakerbostad.se
https://frisk-kry.se,Strykfritt Städhjälp Stockholm AB,556839-1733,
https://nyproduktion.k-fastigheter.se,Move,556827-0390,nyproduktion@k-fastigheter.se
https://sofab.nu,BonusFönster,556819-5571,fredrik.melin@sofab.nu
https://golvochplatt.se,Sparfönster,556798-6285,info@golvochplatt.se
https://strykfritt.se,Värmdö hund och kattpensionat,556797-4471,info@strykfritt.se; johanna@strykfritt.se; joanna@strykfritt.se
https://move.se,Agitar Elservice Göteborg AB,556796-7541,info@move.se
https://bonusfonster.se,Layout & dekor Scandinavian,556795-4945,kontakt@bonusfonster.se
https://sparfonster.se,Limousinebuss Uthyrning,556795-4945,kontakt@sparfonster.se
https://varmdohundokatt.se,Historiska Media,556788-4704,marlene@varmdohundokatt.se
https://agitar.se,Akustikteknik,556787-1040,lasse.jonsson@agitar.se
https://webshop.layout-dekor.se,Svensk Terrazzo-Teknik AB,556775-8288,webshop@layout-dekor.se
https://limousinebuss.se,Cykelmekano,556773-9395,info@limousinebuss.se
https://historiskamedia.se,Nera Installation,556770-8408,
https://akustikteknik.com,Konsumentguiden.se,556760-7295,akustikteknik@telia.com
https://svenskterrazzoteknik.se,Dagens Juridik,556760-2478,info@svenskterrazzoteknik.se
https://cykelmekano.se,BG Institute,556755-0750,kontakt@cykelmekano.se
https://nera-installation.se,TFL Licenssvets & Montage AB,556751-4889,info@nera-installation.se
https://konsumentguiden.se,Lampemesterens handelsvillkor,556747-5123,
https://dagensjuridik.se,Stigfram,556744-7858; 556954-9628,red@dagensjuridik.se; nyttomfolk@dagensjuridik.se; eric.tagesson@dagensjuridik.se
https://bginstitute.se,Driva Eget,556744-7858,info@bginstitute.se
https://tfllicenssvets.se,Evacuare AB,556744-4558,info@tfllicenssvets.se
https://lampemesteren.se,Basic Wear Stockholm AB,556737-0431,info@lampemesteren.se
https://stigfram.se,60plusbanken,556735-9160,info@stigfram.se
https://driva-eget.se,Långedrags VVS AB,556732-9874,
https://evacuare.se,"Den enklare, snabbare och smartare vardagsbanken",556725-1300,info@evacuare.se
https://basicwear.se,Swedish Dental AB,556718-9716,info@basicwear.se
https://60plusbanken.se,Tryckeri City,556717-5129,info@60plusbanken.se
https://langedragsvvs.se,KONTAKT,556715-0577,info@langedragsvvs.se
https://skohalsan.com,Majornas Energi & Miljökonsult AB,556712-2980,info@skohalsan.com
https://northmill.com,FF Profilreklam AB,556709-4866,hej@northmill.se; u003ehej@northmill.se
https://swedishdental.com,Råd & Rön,556708-2317,
https://tryckericity.se,Villkor,556706-7714,info@tryckericity.se
https://stockholmlosull.se,Låssmed Göteborg,556706-1857,info@stockholmlosull.se; stefan@stockholmlosull.se; simon@stockholmlosull.se
https://memab.com,IMC Injection Moulding Components AB,556705-8937,info@memab.se
https://ffprofilreklam.se,HN Hydraulik AB,556694-9771,info@ffprofilreklam.se
https://radron.se,Instive,556689-8374,radron@radron.se
https://entreprodukter.se,transelmatic.se,556682-1996,info@entreprodukter.se
https://lasproffsen.se,Göteborgs Fönsterrenovering AB,556678-7387,info@lasproffsen.se
https://printhuset-sthlm.se,Mondo Tapas Bar & Restaurang,556678-7189,info@printhuset-sthlm.se
https://imc.se,Byggahus.se,556664-9033,order@imc.se; info@imc.se
https://hnhydraulik.se,CG Inredning AB,556661-1546,info@hnhydraulik.se; abbas.nadmyr@hnhydraulik.se; oskar.hemsle@hnhydraulik.se
https://scanders.se,Stopp i avloppet,556656-0081,anders.jansson@scanders.se
https://transelmatic.se,Adress VIO LJUSFABRIK AB,556650-9914,
https://goteborgsfonster.se,Bärgning Göteborg,556644-0102,info@goteborgsfonster.se
https://mondotapas.com,Ivan Larsson Skog & Trädgård AB,556638-4151,info@mondotapas.se
https://byggahus.se,Produkter och tjänster för vätske,556636-1613,per@byggahus.se
https://cginredning.se,Bilverkstad i Stockholm,556628-3825,info@cginredning.se
https://rjspolservice.se,TXP,556622-6956,epost@rjspolservice.se
https://vio.se,Hammarlings Lastvagnsservice AB,556616-0544,info@vio.se
https://bargningstjansten.org,Herb Pharma Sverige AB,556596-9127,station@bargningstjansten.org
https://ivanlarsson.se,kommun.jensnylander.com,556587-6348,ivan120059larsson@gmail.com
https://sikama.se,Garantivillkor,556581-7797,info@sikama.se; order@sikama.se
https://brav.se,Bravo Sport och Profil AB,556580-1387,info@brav.se
https://resteamet.se,Ferms,556578-1787,info@resteamet.se
https://txp.se,Kontakta oss,556572-7913,info@txp.se
https://hammarlings.com,iBinder,556570-9010,info@hammarlings.com
https://herbpharma.se,Guldhedens Flyttexpress AB,556564-3037,kundservice@herbpharma.se
https://kommun.jensnylander.com,Kungsholmens Budbilar Aktiebolag,556545-3173; 556545-3171,
https://whirlpool.se,All-elektro AB,556536-7454,
https://bravoprofil.se,Frökontrollen,556531-4399,ulf.host@bravoprofil.se
https://ferms.nu,ADB Fastighetsservice AB,556524-0867,info@ferms.nu
https://combiheat.se,Flugfiskeshopen -  Vi kan flugfiske!,556524-0792,info@combiheat.se
https://avima.se,Bonnier Business Media Sweden AB,556523-5917,support@avima.se
https://guldhedensflytt.se,Byggskadeteknik AB,556523-0223,info@guldhedensflytt.se
https://kungsbud.se,Telia,556517-2441,tl@kungsbud.se
https://all-elektro.se,Flyttfirma,556493-8503,
https://frokontrollen.se,LRF Media,556488-3048,frokontrollen@hushallningssallskapet.se; jesper.broberg@hushallningssallskapet.se
https://adbfastighetsservice.se,atl.nu,556484-5104,info@adbfastighetsservice.se
https://flugfiskeshopen.se,DALUM,556475-4371,info@flugfiskeshopen.se
https://resume.se,Fönsterputs Göteborg,556468-8892,kundservice@resume.se; red@resume.se
https://market.se,Upplevelsepaket,556468-8892,kundservice@market.se; redaktionen@market.se
https://byggskadeteknik.eu,Rörets Industrier,556461-7966,byggskadeteknik@telia.com
https://telia.se,STB Svenska Takbeläggningar AB,556430-0142,
https://flyttexperten.com,Great Earth,556418-5576,info@flyttexperten.com
https://land.se,EGA,556413-2883,red@land.se
https://atl.nu,Tygaffär Göteborg,556413-2883,red@atl.nu; debatt@atl.nu; lilian.almroth@atl.nu
https://dalumsmekaniska.se,Svenska datanätverket,556408-0538,rebecca@dalumsmekaniska.se
https://xn--gab-sna.se,Oral Care,556407-8169,info@goabservice.se
https://upplevelsepaket.se,Pindaros AB,556381-2865,info@upplevelsepaket.se
https://rorets.se,Ruab Rulltrappservice AB,556380-5885,mail@rorets.se
https://stb.se,Tyger & Textilier i Göteborg,556380-3096,kontoret@stb.se
https://greatearth.se,Byggställning Göteborg - Byggnadsställningar SA Ställningar AB,556372-9010,
https://ega.se,EuroFire,556367-3556,info@ega.se; mer.info@ega.se
https://galantplast.se,Hotell Ronja Vimmerby,556366-2823,epost@galantplast.se
https://svenska-datanatverket.se,Västerorts Städservice AB,556351-0618,jimmy.winberg@svdn.se
https://minmun.se,Rörmokare Norrtälje,556346-4840,stureplan@oralcare.se
https://pindaros.se,Havator,556342-2608,per@pindaros.se
https://rulltrappservice.se,ABC Färgekonomi,556341-1973,john@rulltrappservice.se
https://myrins.se,LK Transport,556338-5821,info@myrins.se
https://sastallningar.se,Flyttfirma Västerås,556291-6238,info@sastallningar.se
https://eurofire.se,TV4 Nyheterna,556291-1288,info@eurofire.se
https://hotellronja.se,Ditec Sisjön,556290-9696,info@hotellronja.se
https://vasterortsstadservice.se,Rekond för din bil,556290-4168,info@vasterortsstadservice.se
https://dovandervvs.se,Dagens industri,556278-7050,dovandervvs@gmail.com
https://havator.se,JUNE EXPRESS AB,556263-8246; 372360-9900,reskontra@havator.com; kundreskontra@havator.com
https://abcfargekonomi.se,"Experter på flödesteknik, ventiler och instrument",556259-4076,info@abcfargekonomi.se
https://fri-kopenskap.se,Grundfos,556259-1197,redaktionen@fri-kopenskap.se
https://lktransport.se,Atrium Ljungberg,556250-6286,info@lktransport.se
https://vexflytt.se,Saltsjö Dufnäs Marina,556244-5873,info@vexflytt.se
https://tv4.se,Startsida,556242-7152,info@tv4.se; erik.norbergh@tv4.se; nyhetswebben@tv4.se
https://ditecsisjon.com,Låssmed med Jour i Skåne,556239-7025,support@schedulista.com; info@ditecsisjon.se
https://nrcenter.se,AG Arvidsson Snickeri,556233-5785,info@nrcenter.se
https://di.se,H E:s Färggross AB,556221-8494,feedback@di.se; anmalannons@di.se
https://juneexpress.se,Catering Göteborg med god mat via Göteborgs Restaurangskola,556218-1809,info@juneexpress.se
https://ventim.se,Låsman AB,556207-6272,
https://grundfos.se,Randstad,556200-6261; 556193-6773,support-se@sales.grundfos.com; info-se@grundfos.com
https://se.grundfos.com,Noblex AB,556200-6261; 556193-6773,info-se@grundfos.com
https://al.se,Aktiebolaget Västanfors Industrier,556175-7047,info@al.se
https://saltsjoduvnasmarina.se,Folk Mat och Möten,556156-9228,info@battrans.se
https://sverigeskommunikatorer.se,Fagerberg,556155-0202,
https://carlbergslas.com,Hotel Tylösand,556151-8985,info@carlbergslas.com
https://trapparvid.se,Tr Måleri AB,556143-6386,info@trapparvid.se
https://hesfarggross.se,Svensk Skadedjurssanering AB,556115-9640,
https://gbgrestaurangskola.se,August Sverige AB,556112-1392,gbgrestcatering@hotmail.se
https://lasman.se,Primo Sverige AB - Limmared,556110-9348,info@lasman.se
https://tradehairsupplies.se,Allmänna Änke- och Pupillkassan i Sverige AB,556094-7706,kundtjanst@tradehairsupplies.se
https://randstad.se,RM Jakt AB,556089-6572,supporten@randstad.se
https://noblex.se,Adress MK-Produkter Mekanik & Kemi AB,556086-0594,info@noblex.se
https://guldcentralen.se,PBS Svensk Värmekälla AB,556069-1296,info@guldcentralen.se
https://vastanfors.se,Svenska Cykelbanor AB,556063-9451,fagersta@vastanfors.se
https://folkmatmoten.se,Wattmän El AB,556042-9911,info@folkmatmoten.se; bokningen@folkmatmoten.se
https://fagerberg.se,Norrblomster AB,556023-6407,info@fagerberg.se
https://tylosand.se,Mattias Eriksson Entreprenad AB,556018-5075,info@tylosand.se
https://trmaleri.se,Mire Gräv & Entreprenad AB,883177-0708,tr.maleri@gmail.com
https://svenskskadedjurssanering.se,Golventreprenad I Syd AB,777000-0222,info@svenskskadedjurssanering.se
https://augustsverige.se,Tom's Måleriservice AB,636366-0709,post@augustsverige.se
https://se.primo.com,Nordström EL AB,605523-1601; 556055-2316,marketing@primo.com
https://hemmasupport.se,M.I.K AB,559528-4844,kontakt@hemmasupport.se
https://rlavlopp.se,Gräv & Last i Gävle AB,559517-3922,rlavloppab@gmail.com; rlavlopp@gmail.com
https://villabesiktningar.se,Aros Uterum AB,559492-3731,info@villabesiktningar.se
https://aiuc.se,Team Schillström AB,559488-1517,info@aiuc.se
https://sockteam.se,Sölvesborgs El. Mekaniska Verkstad AB,559483-7360,hej@sockteam.se
https://nasetfastighetskonsult.se,Svenskt Rörmontage AB,559477-5743,konsult.tomas@outlook.com
https://pestpro.se,Kontakta VT Schakt & Miljöplanering AB,559469-9810,info@pestpro.se
https://ekoakuten.se,rhelab.se,559464-3651,info@ekoakuten.se
https://larssonenergi.se,Mecotec AB,559460-9868,fredrik@larssonenergi.se
https://silodykarna.se,Söderströms Allt Inom Trädgård AB,559452-3911,info@silodykarna.se; daniel@silodykarna.se
https://tilesrus.se,Väby Entreprenad AB,559425-4582,info@tilesrus.se
https://bossebyggare.com,Bollebygds Glastjänst AB,559424-3254,bo@bossebyggare.com
https://murareskaraborg.se,McMullen &#214;rtspecialisten i Sverige AB,559399-9690,kjs.murochputs@gmail.com
https://prosecurity.se,Uteboxen i Asarum AB,559378-8283,info@prosecurity.se
https://prosakerhet.se,Johannes Hansen AB,559378-8283,info@prosecurity.se
https://emmabodakonst.se,Aller Media AB,559372-4718,info@emmabodakonst.se
https://folksol.se,Gmb Truck AB,559367-9748,
https://magnetlabbet.se,Ångfabriken,559358-8345,
https://ergogreaser.se,Tecnovap Scandinavia AB,559353-3879,tommy@ergogreaser.se
https://seasidegarden.se,Almig Sverige AB,559347-4850,info@seasidegarden.se
https://heartsave.se,Västkust Filter AB,559345-3318,info@heartsave.se
https://vvs.teamwahlin.se,Sundsvalls Partihandel AB,559321-8661; 556583-3380,service@teamwahlin.se; info@teamwahlin.se
https://inglasarna.se,Flyttfabriken AB,559307-0906,info@inglasarna.se
https://topolis.se,Gertfalk AB,559287-5996; 559281-5996,info@topolis.se
https://kagansbuss.se,Buyn AB,559276-6546,info@kagansbuss.se
https://stadlust.se,Mosjö Ställningar AB,559267-7032,info@stadlust.se
https://ostgotalas.se,DreamBalloon AB,559242-7172,info@ostgotalas.se
https://borskollen.se,Malm Motors AB,559236-5141,
https://konteramindre.se,Alwi Grafiska AB,559232-7539,support@konteramindre.se
https://byggomaleriab.se,Turfman AB,559223-3521,info@byggomaleriab.se
https://edek.nu,"Tolé Verktyg AB! Din leverantör av: Hyvelstål, blanketter, huggknivar, motstål och sågklingor",559193-8476,info@edek.se
https://lovemyoffice.se,DUO SOL Sverige AB,559172-4769,info@lovemyoffice.se
https://fastighetsmastarensupply.se,Dala Frukt AB,559139-0918,info@fastighetsmastaren.se; info@fastighetsmastaren.com
https://presenningsfabriken.com,Vigselbutiken AB,559135-1886,info@presenningsfabriken.com
https://xn--trdgrdsmart-m8ap.se,Truck Partner AB,559069-6364,info@tradgardsmart.se
https://janssonpartners.se,Everand International AB,559051-1423,advokat@janssonpartners.se
https://termofonster.se,Borgeby Kryddgård AB,559034-5541,info@termofonster.se
https://ljungbyhedsbygg.se,Burkert Sweden AB,559029-0192,christina.albrecht2001@hotmail.com
https://iaco.se,Kompetens Express AB,559016-5097,iaco@telia.com
https://pumpia.se,Cobi Rehab,556997-8462,info@pumpia.se
https://kristianstadbuss.se,Yachtsale Sweden AB,556995-4620,info@kristianstadbuss.se
https://rangloaxe.se,CableOrganizer,556972-9113; 073553-8598,kontakt@rangloaxe.se
https://klaralvenstad.se,Werlabs,556966-5317,info@klaralvenstad.se
https://energioteknik.se,Casino med Snabba Mobilbetalningar,556964-1789,info@energioteknik.se
https://ekstolpar.se,Leif Ekström Måleri AB,556944-5330,
https://efn.se,AB Celer,556930-1608,redaktionen@efn.se
https://signpost.se,Abbilteknik.se,556924-0517,info@signpost.se
https://linds.nu,Kollanda grus AB,556900-8302,johan@linds.nu
https://branschaktuellt.se,bySwedes AB,556856-4594,
https://frisk-kry.se,Ekosystemteknik i Väst AB,556839-1733,
https://sofab.nu,Te Crea Care AB,556819-5571,fredrik.melin@sofab.nu
https://golvochplatt.se,Eltrode AB,556798-6285,info@golvochplatt.se
https://strykfritt.se,Steninredningar i Halland AB,556797-4471,info@strykfritt.se; johanna@strykfritt.se; joanna@strykfritt.se
https://agitar.se,Svetra AB,556787-1040,lasse.jonsson@agitar.se
https://svenskterrazzoteknik.se,Karlssons Grafiska AB,556760-2478,info@svenskterrazzoteknik.se
https://tfllicenssvets.se,Iteration AB,556744-4558,info@tfllicenssvets.se
https://evacuare.se,Drömträdgård AB,556725-1300,info@evacuare.se
https://basicwear.se,AB Göteborg-Styrsö Skärgårdstrafik,556718-9716,info@basicwear.se
https://langedragsvvs.se,Låna pengar snabbt och enkelt │ lån7.se,556715-0577,info@langedragsvvs.se
https://northmill.com,Tecomatic AB,556709-4866,hej@northmill.se; u003ehej@northmill.se
https://swedishdental.com,Absolut Foto,556708-2317,
https://memab.com,ABB Group,556705-8937,info@memab.se
https://ffprofilreklam.se,Resultatservice Sverige AB,556694-9771,info@ffprofilreklam.se
https://imc.se,Sustainabilityguide,556664-9033,order@imc.se; info@imc.se
https://hnhydraulik.se,Eventeffect Nordic AB,556661-1546,info@hnhydraulik.se; abbas.nadmyr@hnhydraulik.se; oskar.hemsle@hnhydraulik.se
https://goteborgsfonster.se,Seedtable,556644-0102,info@goteborgsfonster.se
https://cginredning.se,Företagsfabriken,556628-3825,info@cginredning.se
https://vio.se,Lovable,556616-0544,info@vio.se
https://ivanlarsson.se,MARATHON DES SABLES,556587-6348,ivan120059larsson@gmail.com
https://hammarlings.com,R Löfström Elinstallationer AB,556570-9010,info@hammarlings.com
https://herbpharma.se,Köksland i Veberöd AB,556564-3037,kundservice@herbpharma.se
https://bravoprofil.se,Kj:s Sprutmåleri AB,556531-4399,ulf.host@bravoprofil.se
https://guldhedensflytt.se,Aros Hiss AB,556523-0223,info@guldhedensflytt.se
https://all-elektro.se,J D Cisternkontroll AB,556493-8503,
https://adbfastighetsservice.se,Svensk Spoltjänst AB,556484-5104,info@adbfastighetsservice.se
https://resume.se,Bogstedt Bil AB,556468-8892,kundservice@resume.se; red@resume.se
https://market.se,Granat Rör AB,556468-8892,kundservice@market.se; redaktionen@market.se
https://byggskadeteknik.eu,Bäckstrand & Tedenrud Bil AB,556461-7966,byggskadeteknik@telia.com
https://stb.se,Benifex AB,556380-3096,kontoret@stb.se
https://pindaros.se,Örkelljunga Lantmannaaffär AB,556342-2608,per@pindaros.se
https://rulltrappservice.se,Christian Berner AB,556341-1973,john@rulltrappservice.se
https://sastallningar.se,abb.com/se,556291-6238,info@sastallningar.se
https://vasterortsstadservice.se,Turismnytt i Sverige AB,556290-4168,info@vasterortsstadservice.se
https://abcfargekonomi.se,Vagabond,556259-4076,info@abcfargekonomi.se
https://juneexpress.se,Ragnarssons Lackering AB,556218-1809,info@juneexpress.se
https://hesfarggross.se,Loftén Konsult AB,556115-9640,
https://lasman.se,Fix Mätteknik AB,556110-9348,info@lasman.se
https://noblex.se,Byggfirma Kadler AB,556086-0594,info@noblex.se
https://ankepupillkassan.se,Bovicon AB,502000-5202,info@ankepupillkassan.se
https://rmjakt.se,Gnesta Bergbyggare AB,239232-1000; 559108-2259,info@rmjakt.se
https://webshop.mk-produkter.se,Tandläkare Elisabeth Ådén Jangenstål,205147-9834; 615160-7870,order@mk-produkter.se
https://pbs.nu,Stockholms Allstäd AB,119605-9999,info@pbs.nu
https://svenskacykelbanor.se,N.O. Lyftab AB,076652-0066,tommy@svenskacykelbanor.se
https://wattmanel.se,Gasservice i Stockholm AB,076295-8585,kontakt@wattmanel.se
https://norrblomster.se,Mats Forslund Konsult AB,076105-4594,norrblomster@gmail.com
https://meentreprenad.se,Stockholm Glas & Solskydd AB,076024-9102,mattias@meentreprenad.se
https://xn--miregrv-bxa.se,Hulting Entreprenad AB,073871-3937,amentreprenad@hotmail.com
https://golventreprenadsyd.se,Rörömokar'n AB,073846-1025,linus.golventreprenad@outlook.com
https://tomsmaleri.se,Metator VVS Konsult AB,073715-5253,tom@tomsmaleri.se
https://nordstromel.se,Pallinvest i Örebro AB,073626-2898,info@nordstromel.se
https://mikabel.se,Roslagens Sjötrafik AB,073414-4822,info@mikabel.se
https://gravolastgavle.se,NE Installation AB,073360-5842,hakanp69@live.se
https://arosuterum.se,Hoffmans Verkstad AB,072905-9879,info@arosuterum.se
https://teamschillstrom.se,Lasertech YAG AB,070952-2617,info@teamschillstrom.se
https://sbgelmekaniska.se,City Solfilm & Säkerhet AB,070810-3566,sbg.elmek@gmail.com
https://svensktrormontage.se,Pajala Begravningsbyrå AB,070787-1140,info@svensktrormontage.se
https://vtschaktomiljo.se,Hantverkshuset Östermalm AB,070729-9265,info@vtschaktomiljo.se
https://rhelab.se,Elitservice AB,070646-7843,info@rhelab.se
https://mecotec.se,Stefan Hofmeijer AB,070577-0052,info@mecotec.se
https://dintradgardgotland.se,Security Assistance Syd AB,070444-1727; 073947-9299,folke.nar@telia.com
https://vabyab.se,Marco Gustafsson Husbesiktning AB,070363-0415,claes@vabyab.se; tomas@vabyab.se; anton@vabyab.se
https://bollebygdsglastjanst.se,BCT Schaktfri Teknik AB,070099-0908,info@bollebygdsglastjanst.se
https://halsopreparat.se,Scandvik AB,,
https://uteboxen.se,Mariannelunds Express AB,,
https://johanneshansen.com,Westbergs Måleri AB,,
https://elle.se,Toroton AB,,
https://xn--skratruckutbildningar-51b.se,Stockholms Hushållsservice AB,,
https://angfabriken.se,Rimtech AB,,
https://tecnovap.se,Mälardalens Undertak AB,,
https://almigsverige.se,Rybrants bokbinderi AB,,order@almig.se; service@almig.se
https://vastkustfilter.se,ABL Construction Equipment AB,,info@vastkustfilter.se
https://partihandel.com,Judits Second Hand AB,,info@partihandel.com
https://flyttfabriken.se,Svensk Energi Consult AB,,info@flyttfabriken.se
https://gertfalk.se,Adept Sverige AB,,info@gertfalk.se
https://macpatric.com,NE Fire Protection AB,,info@stagheaddesigns.com
https://xn--mosjstllningar-bib9z.se,Ignicon AB,,mosjostallningar@gmail.com
https://dreamballoon.se,Lindvalls Fönsterputs AB,,info@dreamballoon.se
https://malmmotors.se,Dala Mätteknik AB,,info@malmmotors.se
https://alwi.se,Pronc AB,,info@alwi.se
https://turfman.se,Tblab AB,,info@turfman.se
https://tole.se,ITEX Rental AB,,tole@tole.se
https://duosol.se,SO Tak & Plåt AB,,info@duosol.se
https://dalafrukt.se,Två Bagare AB,,info@dalafrukt.se
https://vigselbutiken.se,Westflytt AB,,info@vigselbutiken.se
https://truckpartnerab.se,Erik Rask AB,,info@truckpartnerab.se
https://everand.se,AC Hem & Flyttstäd AB,,info@everand.se
https://borgebykryddgard.se,Lecamt AB,,order@borgebykryddgard.se
https://burkert.se,Toroma Automation AB,,kundservice@burkert.com
https://kompetensexpress.se,EPOX Maskin AB,,info@kompetensexpress.se
https://cobirehab.com,Scandexpo AB,,cobi@cobi.dk; invoice@cobi.dk
https://cableorganizer.com,Stockholms Markpartner AB,,sales@cableorganizer.com
https://werlabs.se,Katrineholms Bygg AB,,kontakt@werlabs.se
https://dingadget.se,Åströms Motor i Lund AB,,
https://leifekstrommaleriab.se,Hansson & Ekman AB,,
https://celer.se,Dankett i Borås AB,,
https://abbilteknik.se,Eriksbergstvätten AB,,
https://kollandagrus.se,Väddö Begravningsbyrå AB,,kontakt@kollandagrus.se
https://byswedes.com,Karavan Point Nordic AB,,
https://ekotek.se,All About Smiles,,
https://tecreacare.com,Nybergs Trädgårdstjänst Gotland AB,,
https://eltrode.se,Energipartner Österlen AB,,
https://steninredningar.se,Haags Gummi AB,,
https://svetra.nu,Högröjarna Sydost AB,,
https://iteration.se,Östermalms Grill AB,,
https://styrsobolaget.se,Städtjänst Westlund AB,,
https://xn--ln7-ula.se,Glasteknik i Emmaboda AB,,
https://tecomatic.com,Allflytt-TSV AB,,
https://absolutfoto.se,Byggkomponenter i Falun AB,,
https://new.abb.com,Ottossons Cementvaror AB,,
https://mabra.com,Teqton Sweden AB,,
https://resultatservice.se,Bröderna Fhyr AB,,
https://hallbarhetsguiden.se,Loveling Bygg och Inredning AB,,
https://passioneffect.se,Amtele Communication AB,,
https://influencereffect.se,Nordic Ref AB,,
https://seedtable.com,SWEL AB,,
https://foretagsfabriken.se,Höganäs Elinstallationer AB,,
https://lovable.dev,Nabbes Taxi i Hässleholm,,
https://marathondessables.com,AB Philea,,
https://lofstromel.se,Sittesta Plåt AB,,
https://koksland.se,TVO Marinteknik AB,,
https://kjsprutmaleri.se,Biltjänsten Lugnvik AB,,
https://aroshiss.se,G2V Energi AB,,
https://jdcisternkontroll.se,Micke Bärgaren AB,,
https://spoltjanst.se,RM Golv AB,,
https://bogstedtbil.se,Partille Bygg och Badrumsrenovering AB,,
https://granatror.se,Norin & Hedlund Plåtslageri AB - ditt professionella plåtslageri i Sundbyberg!,,
https://bochtbil.se,H. Daniel Byggservice AB,,
https://blog.benify.se,LOGS L&T AB,,
https://christianberner.se,Rörfirman J Franzén AB,,
https://abb.se,Combi-Lack AB,,
https://turismnytt.se,Täby Finmekaniska AB,,
https://vagabond.se,Snickeribolaget i Höllviksnäs AB,,
https://ragnarssonslack.se,Kenth Nilsson Byggnads AB,,info@ragnarssonslack.se
https://loftenkonsult.se,Hammarbackens Bygg & Fastighetstjänst AB,,thomas@loftenkonsult.se
https://fixmatteknik.se,MB Köksmontage AB,,besnik@fixmatteknik.se; info@fixmatteknik.se; info@fixmatteknik.se
https://kadler.nu,Björksätra Brunnsborrning AB,,byggkaab@gmail.com
https://bovicon.se,Svenska Avantia AB,,jukka@bovicon.se
https://gnestabergbyggare.se,Rörtek Sverige AB,,info@gnestabergbyggare.se
https://tandlakare-adenjangenstal.se,Telebolaget AB,,elisabeth.jangenstal@gmail.com
https://stockholmsallstad.se,Veddige Buss AB,,info@stockholmsallstad.se
https://lyftab.se,Unik Bygg & Design I Kinna AB,,info@lyftab.se
https://gasservice.nu,Fridhems Städ & Stöd I Malmö AB,,info@gasservice.nu
https://matfok.se,IMEK Hanteringssystem AB,,matsforslundkonsult@gmail.com
https://sgos.se,MK-Produkter Mekanik och Kemi AB,,info@sgos.se
https://hultingentreprenad.se,JIJ-Plast AB,,riccard@hultingentreprenad.se
https://roromokarn.se,Smp-Porten AB,,stefan@roromokarn.se
https://metator.se,Booster i Sverige AB,,vvs@metator.se
https://pallinvest.se,Nordingrå Bygg AB,,pallinvest@telia.com
https://roslagenssjotrafik.se,Johanssons VVS-service AB,,info@roslagenssjotrafik.se
https://neab.nu,Flyttförmedlingen i Kronoberg AB,,info@neab.nu
https://hoffmansverkstad.se,Hunters Trädgårdstjänst AB,,info@hoffmansverkstad.se
https://lasertechyag.se,Silverstadens Begravningsbyrå AB,,info@lasertechyag.se
https://citysolfilm.com,K Andersson Gruppen AB,,info@citysolfilm.com; fredrik@citysolfilm.com; daniel@citysolfilm.com
https://pajalabegravningsbyra.se,IMAK AB,,info@pajalabegravningsbyra.se
https://hantverkshuset.se,SWEKAT RECYCLING AB,,davidj@hantverkshuset.se; maria@hantverkshuset.se
https://elitservice.org,Triabo Brunnsborrning AB – Sedan 1972,,info@elitservice.org
https://hofmeijer.se,Hurtigs Redovisning AB,,stefan@hofmeijer.se
https://secass.se,Svegard Data AB,,kontakt@secass.se
https://mghusbesiktning.se,Revideco AB,,marco@mghusbesiktning.se
https://bctab.se,Några kvm liv AB,,info@bctab.se
https://mariannelundsexpress.se,Tak & Plåt I Ramlösa AB,,o.lockstrom@gmail.com
https://westbergsmaleri.se,Isälen Städ AB,,magnus.westberg@telia.com
https://toroton.se,Kalmar Bläster &amp; Lack AB,,piano@toroton.com
https://stockholmshushallsservice.se,Berglings VVS AB,,info@stockholmshushallsservice.se
https://rimtech.se,UMA Undermarksarbeten Mattias Johansson AB,,info@rimtech.se
https://malardalensundertak.se,Värmia AB,,info@mut-ab.se
https://rybrantsbokbinderi.se,Siljan Trädvård AB,,info@rybrantsbokbinderi.se
https://abl.se,Ekonomikonsult Mullsjö AB,,info@abl.se
https://judits.se,Kani Mekaniska AB,,info@judits.se
https://secon.se,Progressa AB,,info@secon.se
https://adept.nu,Hushållsservice I Kalmar AB,,samordnare@sskjour.se
https://nefp.se,Romelanda Motorsågservice AB,,info@nefp.se
https://ignicon.se,CS Energikontroll AB,,info@ignicon.se; jens.hector@ignicon.se
https://lindvallsfonsterputs.se,Struppkärrs Skog AB,,info@lindvallsfonsterputs.se
https://dalamatteknik.se,Strandhall Entreprenad AB,,dalamatteknik@gmail.com
https://proncab.se,Retail Knowledge Sweden AB,,info@proncab.se
https://itex.se,L&M Ekonomikonsult i Väst AB,,info@itex.se; peter.alatalo@itex.se
https://sotak.se,Frosteby Entreprenad AB,,info@sotak.se
https://tvabagare.se,GENTAS i Sverige AB,,info@tvabagare.se
https://westflytt.nu,Mälarstadens Elservice AB,,flytta@westflytt.com
https://erikraskgrav.se,Säker Trafik Dalarna AB,,erik.rask@hotmail.com
https://ac-hemflyttstad.se,Alvesta Renhållnings AB,,lasse@ac-hemflyttstad.se
https://lecamtab.se,Däck i Väst AB,,kontor@lecamt.se
https://toroma.se,Västerorts Pizzagrossist AB,,info@toroma.se
https://epox.se,Reklamgren Linnmans Skyltfabrik AB,,info@epox.se
https://scandexpo.se,Axum AB,,info@scandexpo.se
https://vuab.se,Larsson & Engströms Rör AB,,info@vuab.se; economy@vuab.se
https://stockholmsmarkpartner.se,Systrarnas trädgårdshandel AB,,info@stockholmsmarkpartner.se
https://katrineholmsbyggab.se,Sövdemölla Gård AB,,robin@katrineholmsbyggab.se
https://astroms-motor.se,Samvest Elteknik AB,,info@astroms-motor.se
https://hanssonoekman.se,Travel & More Norden AB,,info@hanssonoekman.se
https://dankett.se,Logistic Professionals Sweden AB,,info@dankett.se
https://eriksbergstvatten.se,Wik Energi AB,,info@eriksbergstvatten.se
https://vaddobegravningsbyra.se,Nova Rörspecialisten i Malmö AB,,info@vaddobegravningsbyra.se
https://karavanpoint.se,JH Showbiz AB,,info@karavanpoint.se
https://allaboutsmiles.se,Blomsterstudion Lina Melin AB,,hej@allaboutsmiles.se
https://nybergstradgardstjanstab.se,Rörteknik I Uppland AB,,nybergstradgardstjanst@gmail.com
https://energipartnerosterlen.se,Serens Bygg AB,,info@energipartnerosterlen.se
https://haagsgummi.se,KronoCon AB,,info@haagsgummi.se
https://hogrojarnatradfallning.se,Hemluft Ventilation AB,,ahlund71@gmail.com
https://cittrabil.se,Skandinav Golvslipning & Måleri ABC,,info@cittrabil.se
https://ostermalmsgrillen.se,Jtb Uterum & Inglasningar AB,,garomalki@hotmail.com
https://polab.se,Balcona AB,,info@polab.se
https://stadtjanst.se,Edänge Bygg AB,,info@stadtjanst.se
https://glasteknik.nu,Ce Sprinkler AB,,info@glasteknik.nu
https://allflytt.se,Vollsjö Lantbruksservice AB,,allflytt@telia.com
https://byggkomponenter.se,Novacore AB,,info@byggkomponenter.se
https://ottossonscement.se,Byggvision i Norr AB,,info@ottossonscement.se
https://teqton.com,Powers advokatbyrå ab,,sweden@teqton.com
https://kablage.net,EVS Energi & Ventilation AB,,info@kablage.net
https://amtele.se,ABK Tekniska AB,,amtele@amtele.se
https://nordicref.se,Vixus Licenssvets AB,,info@nordicref.se
https://swel.se,Momek Rostfria AB,,info@swel.se
https://cobirehab.se,Junuz Saidovic Taxi AB,,order@cobirehab.se; info@cobirehab.se; maria.jonsson@cobirehab.se
https://nabbestaxi.se,Amadeus Förskolor AB,,info@nabbestaxi.se
https://philea.se,Tallvillage Entreprenad AB,,vasastan@philea.se; customerservice@philea.se
https://maglehults.se,Fogfria Golv i Sunne AB,,info@maglehults.se
https://tvomarinteknik.se,Dan Elteknik AB,,info@tvomarinteknik.se
https://biltjanstenlugnvik.se,Täby Måleri AB,,kontakt@lugnviksbildemontering.se
https://mickebargarn.se,AB RATES Produktionshydraulik,,marietta@mickebargarn.se
https://rmgolv.se,Frimärkshuset Skandinavisk Filateli AB,,info@rm-golv.se
https://partillebygg.se,Norra Halkbanan i Piteå AB,,info@partillebygg.se
https://norinochhedlund.se,Stångå Betonghåltagning AB,,norinhedlund@yahoo.se
https://hdanielbyggservice.se,Catacon Recycling AB,,hdbygg@telia.com
https://logs.se,Ståndaren & Pistillen AB,,logs@logs.se
https://biabtruckservice.se,Expressen AB,,info@biabtruckservice.se
https://j-franzen.se,Folkets Taxi Hässleholm AB,,info@j-franzen.se
https://combilack.se,COOB AB,,info@combilack.se; faktura@combilack.se
https://snickeribolaget.se,Byggkonsult Göran Andersson på Gotland AB,,snickeribolaget@telia.com
https://kenthnbygg.se,Resby Bygg & Betong AB,,info@kenthnbygg.se
https://hammarbackensbygg.se,Neon Reklam i Sundsvall AB,,info@hammarbackensbygg.se
https://avantia.com,Stombergs Massiva Trägolv AB,,info@avantia.com
https://rortek.se,Rör Runt I Roslagen AB,,andreas@rortek.se
https://telebolagetmkab.se,Magic By Mary AB,,support@telebolaget.se; cassandra@bluescreen.se
https://veddigebuss.se,Intecso AB,,info@veddigebuss.se; bokning@veddigebuss.se; dole@veddigebuss.se
https://unikbyggochdesign.se,TBVULK AB,,info@unikbyggochdesign.se
https://fridhemstad.se,Mivento Juristbyrå AB,,info@fridhemstad.se
https://imek.se,Göteborgs Byggnadsbesiktning AB,,imek@imek.se
https://mk-produkter.se,Storms Plåt & Smide AB,,info@mk-produkter.se
https://jij-plast.se,Estetisk Plastikkirurgi Eya Le Wartie AB,,info@jij-plast.se
https://smp-porten.se,T. Mohlins Åkeri AB,,smpportenab@gmail.com
https://boostr.se,Proteam Process & Cleantech AB,,info@boostr.se
https://en.amtele.se,Sosibo AB,,amtele@amtele.se
https://nordingrabygg.se,Grimstorpets skog och trädgård AB,,info@nordingrabygg.se
https://johanssonsvvsservice.se,Cajoli Entreprenad AB,,info@johanssonsvvsservice.se
https://flyttformedlingen.se,Nacka Strand Dental AB,,info@flyttformedlingen.se
https://hunterstradgard.se,Kyl och maskinservice i Växjö AB,,hunterdonaldson1969@hotmail.com
https://silverstadens.se,Fotograf Johannes Olovsson AB,,taby@silverstadens.se
https://kanderssongruppen.se,Administrera AB,,info@kagruppen.nu
https://imak.se,Hemnära Måleri & Snickeri AB,,info@imak.se
https://swekat.se,Kyl & Värmeteknik I Vetlanda AB,,info@swekat.se
https://triaboborr.se,Ll Skatteanalys Advokatbyrå AB,,info@triaboborr.se
https://hurtigs.se,CBI NN AB,,info@hurtigs.se
https://svegarddata.se,VVS - Rubin Rör AB,,info@svegarddata.se
https://revideco.se,BLT AB,,stockholm@revideco.se; goteborg@revideco.se; skelleftea@revideco.se
https://nagrakvmliv.se,Däck- & Bilservice I Örebro AB,,info@nagrakvmliv.se
https://erabrevision.se,Råsunda Säkerhetsentreprenad AB,,info@erabrevision.se
https://takplatramlosa.se,Seger Tak & Entreprenad AB,,takplat@mail.com
https://isalenstad.se,Noberger Gräv AB,,stad@isalen.se
https://kblab.se,Petterssons Rör & Värmepumpar AB,,info@kblab.se
https://berglingsvvs.se,Kr-Rör AB,,tonybergling@hotmail.com
https://undermarksarbeten.se,Spolspecialisten i Göteborg AB,,mattias@undermarksarbeten.se
https://varmia.se,Frölunda Skrädderi AB,,info@varmia.se
https://siljantradvard.se,Malmö Bil- & Elektroservice AB,,info@siljantradvard.se
https://ekonomikonsultmullsjo.se,Huskonsulten i Norr AB,,lars.eriksson@ekonomikonsultmullsjo.se
https://kanimekaniska.se,Inlandets Ekonomiservice AB,,kani.mekaniska@gmail.com
https://progressa.se,Rörtjänst i Kil AB,,info@progressa.se
https://hhskalmar.se,Trädgård & Anläggning i Sundsvall AB,,kalmar.hushallsservice@telia.com
https://rmsab.nu,Ljust El AB,,butik@rmsab.nu
https://cs-energikontroll.se,Veterinärgruppen Växjö AB,,info@cs-energikontroll.se
https://struppkarrs-skog.se,Termoplus Sverige AB,,jan@struppkarr.se
https://strandhall.se,Brundins Roslagen AB,,anders@strandhall.se; alexander@strandhall.se; ida@strandhall.se
https://retailknowledge.se,Ka Jonssons Belysningsverkstad AB,,info@retailknowledge.se
https://tabellae.com,Pallgiganten AB,,info@tabellae.com; lg@tabellae.com
https://ekonomikonsultivast.se,Entreprenadtjänst Växjö AB,,info@ekonomikonsultivast.se
https://frosteby.com,Gracia Repro Stockholm AB,,adam@frosteby.com; david@frosteby.com
https://gentas.se,Grövelsjögården Fjällstugor AB,,info@gentas.se
https://malarstadenselservice.se,Tintry AB,,info@malarstadenselservice.se
https://sakertrafikdalarna.se,Försäljningschefen Sverige AB,,info@sakertrafikdalarna.se
https://hyracontaineralvesta.se,Tiler Städ AB,,arab@alvesta.se
https://xn--hyracontainervxj-8nb04a.se,Offerta Group AB,,arab@alvesta.se
https://dackivast.se,Skrot Anders AB,,kontakt@dackivast.se
https://vpg.nu,Johans Trafikskola AB,,info@vpg.nu
https://reli.se,Talarforum i Skandinavien AB,,jonas@reli.se
https://axumtradgard.se,Rippler communications AB,,info@axumtradgard.se
https://larssonengstromror.se,Enomic Entreprenad AB,,le.ror@telia.com; hannahansson@business.com
https://systrarnastradgard.se,Revisi revision &amp; rådgivning AB,,info@systrarnastradgard.se
https://sovdemollagard.se,Pointsharp AB,,sovdemolla@yahoo.se
https://samvestelteknik.se,sevab.com,,samuel.samvest@outlook.com
https://skolreseaventyr.se,Processpumpar AB ®,,info@skolreseaventyr.se
https://logisticprofessionals.se,Assalub AB,,greger@logisticprofessionals.se
https://wikenergi.se,Advokatbyrån Siv Marmstedt AB,,wikteknik@msn.com
https://nova-rm.se,Landet Reklambyrå AB,,novarorspecialisten@gmail.com
https://jhshowbiz.se,Bygglet AB,,info@jhshowbiz.se
https://blomsterstudion.se,Pump & Pyrolysteknik AB,,lina@blomsterstudion.se
https://rorteknikiuppland.se,Sollentuna Plast & Gravyr AB,,info@rorteknikiuppland.se
https://serensbygg.se,Värmebolaget AB,,info@serensbygg.se
https://kronoconarkitektur.se,Blowaco AB,,info@kronocon.se
https://hemluft.se,Nordins Juristbyrå AB,,info@hemluft.se
https://golvslipningstockholmab.se,Beroma Persienn &#038; Markis AB,,info@golvslipningstockholmab.se
https://jtbuterum.se,Låssmeden Sven Alexandersson AB,,info@jtbuterum.se
https://balcona.se,Hosted by ODERLAND Webbhotell AB,,offert@balcona.se
https://edangebygg.se,ABK Ekonomitjänst AB,,edangebygg@hotmail.com; ekonomiedangebygg@gmail.com
https://cesprinkler.se,Labbås Inredningslack AB,,info@cesprinkler.se
https://vollsjolantbruksservice.se,Helgessons Trädtjänst AB,,jens.kristoffersen@v-ls.se; anneli.gonner@v-ls.se
https://novacore.se,Vera & Sixten Byggproduktion AB,,info@novacore.se
https://advokatpowers.se,BS-Logistic AB,,info@advokatpowers.se
https://evsenergi.se,Ystads Kiropraktor Klinik AB,,tony@evsenergi.se
https://alnab.se,Aftonbladet AB,,bjorn.nilsson@alnab.se; martin.jonsson@alnab.se; daniel.andersson@alnab.se
https://abktekniska.se,AGE AB,,anders@abktekniska.se
https://vixuslicenssvets.se,Relevance Communication Nordic AB,,info@vixusab.se
https://momek.se,Teknik Entreprenad Öst AB,,mats@momek.se
https://ventkoll.se,Mediagruppen i Halmstad AB,,jerry@ventkoll.se
https://junuztaxi.se,Swedish Wealth Institute AB,,junuz.saidovic@gmail.com